id,source,titre,ville,region,type_offre,date_debut,date_publication,duree,description,lien_annonce
1,osteopathe-syndicat.fr,Remplacement conges de fin d'annee - Tarn,,Languedoc-Roussillon-Midi-Pyrenees,Remplacement,,2025-10-27,,,https://www.osteopathe-syndicat.fr/remplacement-conges-de-fin-d-annee-tarn
2,osteopathe-syndicat.fr,Recherche de remplacement ou collaboration - Val-d'Oise et alentours,,Ile-de-France,Collaboration,,2025-10-27,,,https://www.osteopathe-syndicat.fr/recherche-de-remplacement-ou-collaboration-val-d-oise-et-alentours
3,osteopathe-syndicat.fr,Cession patientele et cabinet - Paris 11e (quartier Bastille-Republique),,Ile-de-France,Cession de patientele,,2025-10-27,,,https://www.osteopathe-syndicat.fr/cession-patientele-et-cabinet-paris-11e-quartier-bastille-republique
4,osteopathe-syndicat.fr,Cession avec vente de patientele - proche Clermont-Ferrand,,Auvergne-Rhone-Alpes,Cession de patientele,,2025-10-27,,,https://www.osteopathe-syndicat.fr/cession-avec-vente-de-patientele-proche-clermont-ferrand
5,osteopathe-syndicat.fr,Recherche collaboration ou remplacement - nord Isere/est lyonnais,,Auvergne-Rhone-Alpes,Collaboration,,2025-10-27,,,https://www.osteopathe-syndicat.fr/recherche-collaboration-ou-remplacement-nord-isere-est-lyonnais
6,osteopathe-syndicat.fr,Collaboration 2 demi-journees par semaine - proche Nantes,,Pays de la Loire,Collaboration,,2025-10-26,,,https://www.osteopathe-syndicat.fr/collaboration-2-demi-journees-par-semaine-proche-nantes
7,osteopathe-syndicat.fr,"Remplacement conge maternite - proche Nantes (Loire atlantique, 44)",,Pays de la Loire,Remplacement,,2025-10-25,,,https://www.osteopathe-syndicat.fr/remplacement-conge-maternite-proche-nantes-loire-atlantique-44
8,osteopathe-syndicat.fr,Collaboration - Drome des collines (26240),,Auvergne-Rhone-Alpes,Collaboration,,2025-10-25,,,https://www.osteopathe-syndicat.fr/collaboration-drome-des-collines-26240
9,osteopathe-syndicat.fr,Collaboration - Paris 19,,Ile-de-France,Collaboration,,2025-10-24,,,https://www.osteopathe-syndicat.fr/collaboration-paris-19-1
10,osteopathe-syndicat.fr,Table Genin tres bon etat,,Ile-de-France,Vente de materiel,,2025-10-24,,,https://www.osteopathe-syndicat.fr/table-genin-tres-bon-etat
11,osteopathe-syndicat.fr,Collaboration - sud de Toulouse,,Languedoc-Roussillon-Midi-Pyrenees,Collaboration,,2025-10-24,,,https://www.osteopathe-syndicat.fr/collaboration-sud-de-toulouse
12,osteopathe-syndicat.fr,Cession patientele - banlieue de Bordeaux,,Aquitaine-Limousin-Poitou-Charentes,Cession de patientele,,2025-10-24,,,https://www.osteopathe-syndicat.fr/cession-patientele-banlieue-de-bordeaux
13,osteopathe-syndicat.fr,Remplacement vacances de Noel - sud Angers (49),,Pays de la Loire,Remplacement,,2025-10-23,,,https://www.osteopathe-syndicat.fr/remplacement-vacances-de-noel-sud-angers-49
14,osteopathe-syndicat.fr,"Remplacement decembre-janvier (logement possible, peut deboucher sur une cession de patientele) - secteur Poitiers",,Aquitaine-Limousin-Poitou-Charentes,Remplacement,,2025-10-23,,,https://www.osteopathe-syndicat.fr/remplacement-decembre-janvier-logement-possible-peut-deboucher-sur-une-cession-de-patientele-secteur-poitiers
15,osteopathe-syndicat.fr,Collaboration - proche Le Mans,,Pays de la Loire,Collaboration,,2025-10-23,,,https://www.osteopathe-syndicat.fr/collaboration-proche-le-mans
16,osteopathe-syndicat.fr,Remplacement plusieurs semaines decembre-janvier - Clichy (92),,Ile-de-France,Remplacement,,2025-10-23,,,https://www.osteopathe-syndicat.fr/remplacement-plusieurs-semaines-decembre-janvier-clichy-92
17,osteopathe-syndicat.fr,Cession de patientele et droit d'installation - Centre paramedical du Tampon (Reunion),,Outre-mer,Cession de patientele,,2025-10-23,,,https://www.osteopathe-syndicat.fr/cession-de-patientele-et-droit-d-installation-centre-paramedical-du-tampon-reunion
18,osteopathe-syndicat.fr,Remplacement vacances de Noel et janvier 2026 - Perpignan,,Languedoc-Roussillon-Midi-Pyrenees,Remplacement,,2025-10-22,,,https://www.osteopathe-syndicat.fr/remplacement-vacances-de-noel-et-janvier-2026-perpignan
19,osteopathe-syndicat.fr,A vendre : table d'osteopathie Franco et Fils,,Ile-de-France,Vente de materiel,,2025-10-22,,,https://www.osteopathe-syndicat.fr/a-vendre-table-d-osteopathie-franco-et-fils
20,osteopathe-syndicat.fr,Local disponible - Amiens,,Nord-Pas-de-Calais-Picardie,Offre de locaux,,2025-10-22,,,https://www.osteopathe-syndicat.fr/local-disponible-amiens
21,osteopathe-syndicat.fr,Remplacement du 19 decembre au 4 janvier et collaboration - Lyon 5,,Auvergne-Rhone-Alpes,Collaboration,,2025-10-22,,,https://www.osteopathe-syndicat.fr/remplacement-du-19-decembre-au-4-janvier-et-collaboration-lyon-5
22,osteopathe-syndicat.fr,Deux locaux refaits a neuf disponibles - Saint-Maur-des-Fosses (94),,Ile-de-France,Offre de locaux,,2025-10-22,,,https://www.osteopathe-syndicat.fr/deux-locaux-refaits-a-neuf-disponibles-saint-maur-des-fosses-94
23,osteopathe-syndicat.fr,Vends activite - Pontivy (Morbihan),,Bretagne,Cession de patientele,,2025-10-22,,,https://www.osteopathe-syndicat.fr/vends-activite-pontivy-morbihan
24,osteopathe-syndicat.fr,Recherche collaboration - Lyon et alentours (69),,Auvergne-Rhone-Alpes,Collaboration,,2025-10-22,,,https://www.osteopathe-syndicat.fr/recherche-collaboration-lyon-et-alentours-69
25,osteopathe-syndicat.fr,Remplacement 2 mois - Erdeven,,Bretagne,Remplacement,,2025-10-22,,,https://www.osteopathe-syndicat.fr/remplacement-2-mois-erdeven
26,osteopathe-syndicat.fr,Collaboration / Remplacement - Paris 13,,Ile-de-France,Collaboration,,2025-10-22,,,https://www.osteopathe-syndicat.fr/collaboration-remplacement-paris-13
27,osteopathe-syndicat.fr,Remplacement long fin decembre 2025-debut mars 2026 - Bretagne sud,,Bretagne,Remplacement,,2025-10-21,,,https://www.osteopathe-syndicat.fr/remplacement-long-fin-decembre-2025-debut-mars-2026-bretagne-sud
28,osteopathe-syndicat.fr,Remplacement Finistere nord - Novembre/Decembre,,Bretagne,Remplacement,,2025-10-21,,,https://www.osteopathe-syndicat.fr/remplacement-finistere-nord-novembre-decembre
29,osteopathe-syndicat.fr,Remplacement vacances de Noel - Angouleme (Charente),,Aquitaine-Limousin-Poitou-Charentes,Remplacement,,2025-10-21,,,https://www.osteopathe-syndicat.fr/remplacement-vacances-de-noel-angouleme-charente
30,osteopathe-syndicat.fr,RECHERCHE REMPLACANT(E) / ASSISTANT(E) pour ST-BARTHELEMY aux Antilles,,Outre-mer,Remplacement,,2025-10-21,,,https://www.osteopathe-syndicat.fr/recherche-remplacant-e-assistant-e-pour-st-barthelemy-aux-antilles
31,osteopathe-syndicat.fr,Remplacement decembre-fevrier - Gironde,,Aquitaine-Limousin-Poitou-Charentes,Remplacement,,2025-10-21,,,https://www.osteopathe-syndicat.fr/remplacement-decembre-fevrier-gironde
32,osteopathe-syndicat.fr,RECHERCHE REMPLACEMENT LONGUE DUREE (76 ROUEN),,Normandie,Remplacement,,2025-10-21,,,https://www.osteopathe-syndicat.fr/recherche-remplacement-longue-duree-76-rouen
33,osteopathe-syndicat.fr,"Remplacement 2 cabinets 74 proche Suisse, 11 au 20/11/2025.",,Auvergne-Rhone-Alpes,Remplacement,,2025-10-20,,,https://www.osteopathe-syndicat.fr/remplacement-2-cabinets-74-proche-suisse-11-au-20-11-2025
34,osteopathe-syndicat.fr,Reprise collaboration - Clichy (92),,Ile-de-France,Collaboration,,2025-10-20,,,https://www.osteopathe-syndicat.fr/reprise-collaboration-clichy-92
35,osteopathe-syndicat.fr,Remplacement - Cote d'Or (21),,Bourgogne-Franche-Comte,Remplacement,,2025-10-20,,,https://www.osteopathe-syndicat.fr/remplacement-cote-d-or-21
36,osteopathe-syndicat.fr,Cession de bail - Angers,,Pays de la Loire,Offre de locaux,,2025-10-20,,,https://www.osteopathe-syndicat.fr/cession-de-bail-angers
37,osteopathe-syndicat.fr,Remplacement pour conge maternite - Aveyron,,Languedoc-Roussillon-Midi-Pyrenees,Remplacement,,2025-10-20,,,https://www.osteopathe-syndicat.fr/remplacement-pour-conge-maternite-aveyron
38,osteopathe-syndicat.fr,Cession pour cause de retraite - au nord d'Orleans,,Centre-Val de Loire,Cession de patientele,,2025-10-20,,,https://www.osteopathe-syndicat.fr/cession-pour-cause-de-retraite-au-nord-d-orleans
39,osteopathe-syndicat.fr,Collaboration les mercredis,,Languedoc-Roussillon-Midi-Pyrenees,Collaboration,,2025-10-20,,,https://www.osteopathe-syndicat.fr/collaboration-les-mercredis
40,osteopathe-syndicat.fr,Remplacement Noel 15 jours - avec possibilite collaboration,,Languedoc-Roussillon-Midi-Pyrenees,Remplacement,,2025-10-20,,,https://www.osteopathe-syndicat.fr/remplacement-noel-15-jours-avec-possibilite-collaboration
41,osteopathe-syndicat.fr,Remplacement + collaboration - proche Saint-Etienne (42),,Auvergne-Rhone-Alpes,Collaboration,,2025-10-20,,,https://www.osteopathe-syndicat.fr/remplacement-collaboration-proche-saint-etienne-42
42,osteopathe-syndicat.fr,2026 - Collaboration dans le Sud-Manche (50) (Avranches / Sartilly) proche Rennes et Caen,,Normandie,Collaboration,,2025-10-19,,,https://www.osteopathe-syndicat.fr/2026-collaboration-dans-le-sud-manche-50-avranches-sartilly-proche-rennes-et-caen
43,osteopathe-syndicat.fr,Remplacements a partir de janvier 2026 - proche Valence (Drome),,Auvergne-Rhone-Alpes,Remplacement,,2025-10-19,,,https://www.osteopathe-syndicat.fr/remplacements-a-partir-de-janvier-2026-proche-valence-drome
44,osteopathe-syndicat.fr,Remplacement octobre puis collaboration - Paris 16e,,Ile-de-France,Remplacement,,2025-10-17,,,https://www.osteopathe-syndicat.fr/remplacement-octobre-puis-collaboration-paris-16e
45,osteopathe-syndicat.fr,Remplacements fin 2025 et debut 2026 - Champagne-au-Mont-d'Or (69),,Auvergne-Rhone-Alpes,Remplacement,,2025-10-17,,,https://www.osteopathe-syndicat.fr/remplacements-fin-2025-et-debut-2026-champagne-au-mont-d-or-69
46,osteopathe-syndicat.fr,Remplacement novembre - Cotes d'Armor (22),,Bretagne,Remplacement,,2025-10-17,,,https://www.osteopathe-syndicat.fr/remplacement-novembre-cotes-d-armor-22
47,osteopathe-syndicat.fr,Collaboration - Lyon 7,,Auvergne-Rhone-Alpes,Collaboration,,2025-10-16,,,https://www.osteopathe-syndicat.fr/collaboration-lyon-7
48,osteopathe-syndicat.fr,Remplacement novembre - sur deux cabinets (74),,Auvergne-Rhone-Alpes,Remplacement,,2025-10-16,,,https://www.osteopathe-syndicat.fr/remplacement-novembre-sur-deux-cabinets-74
49,osteopathe-syndicat.fr,Collaboration avril et ete 2026 - Ile d'Yeu,,Pays de la Loire,Collaboration,,2025-10-16,,,https://www.osteopathe-syndicat.fr/collaboration-avril-et-ete-2026-ile-d-yeu
50,osteopathe-syndicat.fr,Collaboration - Tarbes (65),,Languedoc-Roussillon-Midi-Pyrenees,Collaboration,,2025-10-16,,,https://www.osteopathe-syndicat.fr/collaboration-tarbes-65
51,osteofrance.com,Recherche remplacant(e) pour conge maternite,Thiers,pour mon cabinet de Thiers et de Lempdes situes dans le Puy-de-Dome,Offre collaboration / remplacement a Thiers,,2025-10-27,,"Offre collaboration / remplacement a Thiers Bonjour, Etant consideree comme une grossesse a risque, je vais devoir m'arreter d'ici un mois. Je suis a la recherche d'un(e) remplacant(e) pour mon cabinet de Thiers et de Lempdes situes dans le Puy-de-Dome (63) proches de Clermont-Ferrand. Patientele variee Vous pouvez me contacter par mail : [email protected] Bien a vous Manon Repondre",https://osteofrance.com/petite-annonce/16805
52,osteofrance.com,Remplacement conge maternite   . Cote Nantes (Loire atlantique 44),VERTOU,Cabinet sur Vertou,Offre collaboration / remplacement a VERTOU,,2025-10-25,,"Offre collaboration / remplacement a VERTOU Bonjour, Je recherche une osteopathe formee en 5 ans pour me remplacer de fin janvier a juillet 2026 . Soit : - un temps plein,  lundis/ mardis/ jeudis/ vendredis. Ou - que les mardis  et jeudis .(2 apres midis  et 1  matinee au choix minimum) Cabinet sur Vertou (44) situe dans un pole medical moderne . Techniques douces Retrocession  70/30 Vous pouvez me contacter par mail a : [email protected] Ou au : 06 33 81 89 89 A bientot Mme Mantrand  Anais. 19 Rue Du Bignonnet 44120 VERTOU Repondre",https://osteofrance.com/petite-annonce/16804
53,osteofrance.com,Remplacement du 26/12/25 au 10/01/26 - La Vienne (86),Saint Jean de Sauves,Les cabinets se situent a St Jean de Sauves et Monts-sur-Guesnes,Offre collaboration / remplacement a Saint Jean de Sauves,,2025-10-23,,"Offre collaboration / remplacement a Saint Jean de Sauves Bonjour, Je recherche un/e remplacant/e, osteopathe D.O issu/e d'une formation en 5ans, afin d'assurer les consultations au sein de mes cabinets. Periode du 26 OU 29 Janvier 2025 AU 10 Janvier 2026 inclus. Fort potentiel d'activite - 30/40 patients par semaine. Les cabinets se situent a St Jean de Sauves et Monts-sur-Guesnes (86), proche Poitiers. Prise de rdv sur Doctolib ou par telephone. Logement possible, a discuter ensemble. Vehicule indispensable. Retrocession 70/30. Je recherche de preference quelqu'un souhaitant s'investir sur du long terme dans la region et aupres de ma fidele patientele, car ce remplacement pourrait ensuite deboucher rapidement sur un remplacement a long terme - voir sur une cession de patientele si vous etes interesse(e). Plus d'infos par mail [email protected] ou en MP Merci de joindre votre CV Merci d'avance Margaux Tiradon. Margaux Tiradon 41 Rue De La Mule Rouge 86330 Saint Jean de Sauves Repondre",https://osteofrance.com/petite-annonce/16800
54,osteofrance.com,Recherche collaborateur / collaboratrice - Le Mans,Le Mans,,Offre collaboration / remplacement a Le Mans,,2025-10-22,,"Offre collaboration / remplacement a Le Mans Nous recherchons un(e) osteopathe D.O. pour rejoindre notre equipe a Le Mans a partir de debut novembre. Poste de collaboration liberale a raison de 3 jours et demi par semaine, sur nos deux cabinets avec mon collegue. Suite au depart de notre collaboratrice actuelle, nous souhaitons accueillir une personne dont la pratique s'inscrit dans la continuite de la notre : Repondre",https://osteofrance.com/petite-annonce/16799
55,osteofrance.com,Collaboration / Remplacement Paris 13e,PARIS,,Offre collaboration / remplacement a PARIS,,2025-10-22,,"Offre collaboration / remplacement a PARIS Bonjour, Cherche collaboratrice au long terme qui pourra egalement me remplacer lors de mes absences tout au long de l'annee. Projet maternite dans les prochaines annees donc possibilite d'avoir plus de creneaux. Tous les mardis, jeudis toute la journee. Les lundis, mercredis, vendredis de 9h a 14h et les samedis apres-midi. Je recherche quelqu'un de serieux, ponctuel. Forme en minimum 5 ans, ayant une bonne capacite d'ecoute et une pratique complete (incluant le visceral et le cranien). Patientele habituee a une pratique douce. Une formation en pediatrie/perinatalite, somato emotionnel serait un plus. Je recherche idealement quelqu'un qui a de l'experience et qui a deja sa propre patientele. Pas d'autre remplacement ou collaboration concomitant sur les moments de la collaboration mais possible en dehors c'est-a-dire les lundis, mercredis, jeudis apres midi et samedi matin. Le cabinet se situe dans le 13eme arrondissement de Paris. La retrocession est de 30 % donc 70% pour vous. Vous pouvez m'envoyer votre CV et lettre de motivation ou tout simplement me contacter au mail : [email protected] Au plaisir d'echanger, E. PHAN 70 Avenue D'ivry 75013 PARIS Repondre",https://osteofrance.com/petite-annonce/16797
56,osteofrance.com,Cherche collaborateur Toulouse,Toulouse,,Offre collaboration / remplacement a Toulouse,,2025-10-22,,"Offre collaboration / remplacement a Toulouse Qui sommes-nous ? Notre cabinet, c'est 40 ans de bons et loyaux services a Toulouse ! Nous sommes une petite equipe soudee, travaillant en bonne intelligence avec un Medecin en Medecine Traditionnelle Chinoise et un Kinesitherapeute. Un environnement pro, mais pas trop guinde, avec une patientele ultra fidele. Le Role : J'adore mon travail, mais j'aime aussi beaucoup les formations (j'ai repris deux cursus universitaires) et les week-ends prolonges... En gros, je cherche mon ""Joker Osteo"" attitre pour les mois a venir, voire quelques annees ! Votre mission sera d'abord d'assurer des creneaux fixes pour garantir une presence : 1 matinee par semaine (vendredi). 1 samedi sur deux. A cela s'ajouteront tous mes jours de formation et mes conges, ce qui liberera regulierement d'autres creneaux. Profil Recherche : La Pepite Absolue  Nous ne cherchons pas n'importe qui, nous cherchons LA perle rare : Osteopathe D.O. (evidemment) avec une super peche. Expert(e) en Mini-Patients : Formation solide en Pediatrie (plagiocephalie, succion, etc.) et autour de la Femme (grossesse, post-partum, etc.). La Machine a Techniques : Vous utilisez toutes les techniques possibles (structurel, fluidique, cranien, visceral) - car un osteo, ca ne doit pas se limiter ! Qualites secretes : Gentil(le) et dynamique (les grognons, passez votre chemin !). Independant(e) et proactif(ve) : si vous voyez quelque chose a faire, faites-le ! Surtout : quelqu'un qui traitera le cabinet avec amour, comme si c'etait le sien. Si vous etes pret(e) a vous lancer, a prendre des responsabilites et a faire partie d'une belle aventure de soins, envoyez-nous un CV et une lettre qui nous donnent envie de prendre un cafe ! Contact : Lesley-Ann RUBY Email : [email protected] Lieu : Toulouse, cote pavee Lesley-Ann Ruby Repondre",https://osteofrance.com/petite-annonce/16796
57,osteofrance.com,,Sarge les le mans,,Offre collaboration / remplacement a Sarge les le mans,,2025-10-22,,"Offre collaboration / remplacement a Sarge les le mans Nous recherchons un(e) osteopathe D.O. pour rejoindre notre equipe au Mans a partir de debut novembre. Poste de collaboration liberale a raison de 3 jours et demi par semaine, sur nos deux cabinets avec mon collegue. Suite au depart de notre collaboratrice actuelle, nous souhaitons accueillir une personne dont la pratique s'inscrit dans la continuite de la notre : 12, Allee Du Commerce 72190 Sarge les le mans Repondre",https://osteofrance.com/petite-annonce/16795
58,osteofrance.com,cherche remplacant(e),Bazas,,Offre collaboration / remplacement a Bazas,,2025-10-21,,"Offre collaboration / remplacement a Bazas Bonjour, Je suis a la recherche d'un(e) remplacant(e) pour mon cabinet situe a Bazas en Gironde, pour une periode allant du  1er decembre 2025 a fin fevrier 2026. Vous pouvez me joindre par mail a [email protected] ou au 07 71 73 45 57 Centre De Sante Du Relais Bazadais 33430 Bazas Repondre",https://osteofrance.com/petite-annonce/16794
59,osteofrance.com,offre remplacement,Bazas,,Offre collaboration / remplacement a Bazas,,2025-10-21,,"Offre collaboration / remplacement a Bazas Bonjour, Je suis a la recherche d'un(e) remplacant(e) pour mon cabinet situe a Bazas en Gironde, pour une periode allant du  1er decembre 2025 a fin fevrier 2026. Vous pouvez me joindre par mail a [email protected] ou au 07 71 73 45 57 Centre De Sante Du Relais Bazadais 1 Chasie Est 33430 Bazas Repondre",https://osteofrance.com/petite-annonce/16793
60,osteofrance.com,OFFRE ASSISTANAT EVOLUTIF VERS RACHAT DE PATIENTELE  RUEIL - MALMAISON (92),Rueil Malmaison,remplacement a Rueil Malmaison OFFRE ASSISTANAT EVOLUTIF VERS RACHAT DE PATIENTELE RUEIL - MALMAISON,Offre collaboration / remplacement a Rueil Malmaison,,2025-10-20,,"Offre collaboration / remplacement a Rueil Malmaison OFFRE ASSISTANAT EVOLUTIF VERS RACHAT DE PATIENTELE RUEIL - MALMAISON (92) Bonjour, A pourvoir des maintenant. Je cherche une assistante motivee pour reprendre l'assistanat actuellement en place dans mon cabinet a Rueil-Malmaison. Volonte de construire un vrai binome avec possibilite de rachat de patientele sous 9 a 18 mois. 2 Rue De La Reunion 92500 Rueil Malmaison Repondre",https://osteofrance.com/petite-annonce/16792
61,osteofrance.com,"Remplacement conge maternite fin janvier 2026 a juillet 2026 . Vertou,  proche Nantes (44) .",VERTOU,proche de Nantes,Offre collaboration / remplacement a VERTOU,,2025-10-20,,"Offre collaboration / remplacement a VERTOU Bonjour, Je recherche une osteopathe diplomee et formee en 5 ans pour me remplacer de fin janvier 2026 a juillet 2026 . Le cabinet est situe a Vertou , proche de Nantes (44) . Lundis/ mardis/ jeudis/ vendredis. Le cabinet est situe dans un pole medical  compose de medecins/ podologue/ orthophoniste et psychologue . Bonne patientele . Retrocession  70/30 Techniques douces. Vous pouvez me contacter au : 06 33 81 89 89 Ou par mail a : [email protected] A bientot. Mme Mantrand Anais . 19 Rue Du Bignonnet 44120 VERTOU Repondre",https://osteofrance.com/petite-annonce/16791
62,osteofrance.com,RECHERCHE COLLABORATEUR projet innovant,Chambery,,Offre collaboration / remplacement a Chambery,,2025-10-20,,"Offre collaboration / remplacement a Chambery Bonjour, Nous recherchons un osteopathe voulant donner un coup de boost a son activite et faire partie d'un vrai projet de developpement. Nous avons cree un concept innovant proposant des techniques de drainage manuelles sur le corps et le visage. Deja implantes dans les grandes villes de Lyon et Paris, nous souhaitons developper notre reseau car nous avons de la demande de nombreux patients recherchant les protocoles a Marseille. Si vous realisez deja des techniques de drainage, cela peut etre un vrai plus. Cela vous interesse ? merci de nous envoyer un mail a [email protected] Claire Facio Repondre",https://osteofrance.com/petite-annonce/16788
63,osteofrance.com,Reprise collaboration Clichy 92,Paris,situe dans la ville de Clichy,Offre collaboration / remplacement a Paris,,2025-10-20,,"Offre collaboration / remplacement a Paris Bonjour a tous et a toutes, Je vais quitter prochainement un cabinet d'osteopathie localise au sein d'un club BASIC FIT, situe dans la ville de Clichy (92), et je recherche un.e osteopathe pour reprendre la collaboration avec mon collegue deja en place. Informations sur le cabinet : * Adresse : 3 Route du Port de Gennevilliers, 92110 Clichy ; * Loyer : partage avec mon collegue, il est de 380 EUR / mois, charges comprises, avec acces internet, point d'eau et climatiseur a votre disposition ; * Carte d'acces au club BASIC FIT incluse, ideal pour s'entrainer sur place a n'importe quel moment de la journee. La carte vous permet egalement d'acceder a tous les clubs BASIC FIT de France. * Cabinet deja integre dans la vie du club, avec une patientele variee : le cabinet est accessible aux adherents mais aussi aux non - adherents. * Possibilite de completer avec une autre activite en parallele Profil recherche : * Osteopathe a l'aise avec tout type de techniques (structurelles, viscerales, craniennes, etc.) * Jeunes diplome(e)s bienvenu(e)s * Si possible, disposer de son propre compte Doctolib C'est une belle opportunite pour rejoindre un environnement dynamique, sportif et propice au developpement d'une patientele. Pour plus d'informations ou visiter le cabinet, vous pouvez me contacter : * Par mail : [email protected] * Par telephone : 06.51.35.65.46 Au plaisir d'echanger avec vous et de lire vos CVs Repondre",https://osteofrance.com/petite-annonce/16787
64,osteofrance.com,Remplacement conges maternite - AVEYRON,Villefranche-de-Panat,,Offre collaboration / remplacement a Villefranche-de-Panat,,2025-10-20,,"Offre collaboration / remplacement a Villefranche-de-Panat Bonjour, Je recherche un(e) remplacent(e) pour mon conges maternite de debut mai a fin aout 2026. Le cabinet est situe dans un espace de sante (kine, infirmiere, ..) a Villefranche-de-Panat (12430), en Aveyron. Idealement, le remplacement aurait lieu au-minimum 3 jours par semaine : lundi, mercredi et vendredi. Mais, les jours peuvent etre modifies en fonction de vos disponibilites. Retrocession 80/20 Possibilite de me remplacer sur mes deux autres cabinets a Saint-Sernin et a Montclar, mais ce n'est pas obligatoire. Merci de m'adresser un mail ou un SMS avec une petite presentation : [email protected] ou 0789475926 A tres vite Espace De Sante Panatois, Lotissement Notre Dame Des Chenes 12430 Villefranche-de-Panat Repondre",https://osteofrance.com/petite-annonce/16786
65,osteofrance.com,Remplacement,montelier,,Offre collaboration / remplacement a montelier,,2025-10-19,,"Offre collaboration / remplacement a montelier Bonjour, Je suis a la recherche d'un(e) remplacant(e) pour les mercredis matins, les jeudis apres midis et les samedis (journee ou demie journee) ainsi que les vacances scolaires. A partir de janvier 2026. Le cabinet est a Montelier dans la Drome, dans un batiment plein pied avec places de parking. La salle d'attente est commune et les lieux sont aux normes handicapes. J'accueille tous patients notamment femmes enceintes et nourrissons. Les techniques musculaires, faciales et craniennes sont les plus utilisees. Des consultations a domicile sont aussi realisees. Veuillez me joindre CV et lettre de motivation. Je reste a votre disposition pour toutes informations complementaires. Au plaisir de vous lire. Marion Gougis osteopathe [email protected] 8 Rue Des Tilleuls 26120 montelier Repondre",https://osteofrance.com/petite-annonce/16785
66,osteofrance.com,Cede patientele,Saint Pantaleon de Larche,,Offre collaboration / remplacement a Saint Pantaleon de Larche,,2025-10-16,,"Offre collaboration / remplacement a Saint Pantaleon de Larche Bonjour, Ayant change d'activite professionnelle je cede mon cabinet sur Saint Pantaleon de Larche que j'occupe deux jours par semaine il y a un peu plus d'un an avec un chiffre d'affaire d'environ 45000 euros. J'ai ensuite eu une remplacante qui a assuree les soins pendant quelques temps. Tout le materiel reste. Cordialement. Maison De Sante Le Roc Impasse Du Roc 19600 Saint Pantaleon de Larche Repondre",https://osteofrance.com/petite-annonce/16782
67,osteofrance.com,Recherche assistant(e) collaborateur Paris 20,Paris 20,,Offre collaboration / remplacement a Paris 20,,2025-10-15,,Offre collaboration / remplacement a Paris 20 Cabinet Osteo 75020 Paris 20 Repondre,https://osteofrance.com/petite-annonce/16780
68,osteofrance.com,Recherche collaboration et remplacement 62,GUINES,,Offre collaboration / remplacement a GUINES,,2025-10-13,,"Offre collaboration / remplacement a GUINES Dans le cadre du developpement de mon activite, je recherche un(e) osteopathe D.O. exclusif(ve) pour une collaboration liberale. 9 Vc Les 5 Chemins 62340 GUINES Repondre",https://osteofrance.com/petite-annonce/16778
69,osteofrance.com,RECHERCHE une ou un collaborateur (BREST 29),Brest,e osteopathe pour exercer dans mon cabinet situe a Brest,Offre collaboration / remplacement a Brest,,2025-10-10,,"Offre collaboration / remplacement a Brest Bonjour, Avec le depart de mon collaborateur (plus d'1 ans de collaboration), demenageant dans une autre region, pour suivre sa conjointe, je recherche un.e osteopathe pour exercer dans mon cabinet situe a Brest (29), en centre-ville, a partir du Mardi 4 Novembre 2025. Je recherche une personne motivee, consciencieuse, ponctuelle, formee en 5 ans dans une ecole agreee. La ou le praticien : - Devra maitriser les differentes approches : structurelles, tissulaires, viscerales et cranienne. - Etre a l'aise avec tous types de patients (nourrissons, enfants, femme enceintes, sportif, senior), bienveillant et a l'ecoute. Infos supplementaires sur le cabinet : - Ouvert depuis aout 2013 - En collaboration depuis 2018, actuellement avec M.Soulard. - Prise de rdv sur Doctolib et par telephone (pas de secretariat) - Consultations : creneaux de 45 min (adaptable) - Ouverture de 9h a 19h15 pause de 12h45 a 14h, du lundi au samedi. - Le cabinet accueille une moyenne de 40 patients par semaine. Tarif de la consultation : 60 euros Retrocession : 70/30 Si vous etes interesse(e), envoyez-moi par mail votre CV et une lettre de motivation a l'adresse suivante : [email protected] pour un premier contact et par la suite un entretien aura lieu. En vous remerciant pour l'interet que vous porterez a cette offre, au plaisir de vous lire. Cordialement Maxime Aubert 6 Rue Branda Rdc a Droite 29200 Brest Repondre",https://osteofrance.com/petite-annonce/16776
70,osteofrance.com,Remplacement conge maternite  fin janvier a juillet 2026 . Sud loire. Vertou (44),VERTOU,sud loire,Offre collaboration / remplacement a VERTOU,,2025-10-09,,"Offre collaboration / remplacement a VERTOU Bonjour, Je recherche une osteopathe diplomee en 5 ans pour me remplacer durant mon conge maternite de fin janvier a juillet 2026. Sur Vertou (sud loire (44) ). Lundis/mardis/jeudis/vendredis . Bonne patientele. Techniques douces. Le cabinet est situe dans un pole medical compose de medecins, podologue, orthophoniste et psychologue . Retrocession  70/30 Vous pouvez me joindre au : 06 33 81 89 89 Ou par mail : [email protected] A bientot Mme Mantrand  Anais 19 Rue Du Bignonnet 44120 VERTOU Repondre",https://osteofrance.com/petite-annonce/16772
71,osteofrance.com,Urgent recherche osteopathe,Passins,remplacement a Passins Le pole Reyactive situe en Isere,Offre collaboration / remplacement a Passins,,2025-10-09,,Offre collaboration / remplacement a Passins Le pole Reyactive situe en Isere (38) recherche un(e) osteopathe pour completer son equipe. La(e) candidat(e) devra etre motive(e) et sachant pratiquer tout types de techniques. Contact : 06-58-74-65-16 [email protected] Za Lantey 38510 Passins Repondre,https://osteofrance.com/petite-annonce/16770
72,osteofrance.com,Collaboration Gramat 46500,Gramat,,Offre collaboration / remplacement a Gramat,,2025-10-07,,"Offre collaboration / remplacement a Gramat Bonjour, Je cherche une/un collaboratrice/eur pour remplacer ma collaboratrice qui part fin octobre. Elle travaille en moyenne une vingtaine de patients par semaine du mercredi au samedi matin. Plus de renseignements par mail [email protected] ou telephone 0649323874 15 Place De La Halle 46500 Gramat Repondre",https://osteofrance.com/petite-annonce/16768
73,osteofrance.com,remplacement 15 au 22 novembre Saint-Jean-de-Luz,Saint-Jean-de-Luz,,Offre collaboration / remplacement a Saint-Jean-de-Luz,,2025-10-05,,"Offre collaboration / remplacement a Saint-Jean-de-Luz Bonjour, je recherche un.e remplacant.e forme.e en perinatalite, utilisant des techniques tissulaires et douces. Formation en gynecologie et psychotrauma serait top aussi. Le cabinet est a St jean de luz, partage avec des sage-femmes. Pour mes conges du 15 au 22 novembre et surement d'autres semaines en decembre et janvier. Il est possible de loger chez moi (a 10min du cabinet), voiture indispensable ;) Merci de m'envoyer votre cv par mail. Marianne Cassiau Repondre",https://osteofrance.com/petite-annonce/16765
74,osteofrance.com,Remplacement 47 Octobre Novembre Decembre 2025,Monflanquin,,Offre collaboration / remplacement a Monflanquin,,2025-10-04,,"Offre collaboration / remplacement a Monflanquin En convalecence pour intervention chirurgicale, je recherche remplacant(e) pour 3 jours par semaine adaptables jusque Decembre. Le cabinet se situe dans un espace Sante et bien-etre sur la commune de Monflanquin dans le Lot et garonne. Me contacter pour plus d'informations. Merci 249 Avenue De Piquemil 47150 Monflanquin Repondre",https://osteofrance.com/petite-annonce/16764
75,osteofrance.com,Collaboration en Mayenne,Chatea-Gontier,,Offre collaboration / remplacement a Chatea-Gontier,,2025-10-03,,"Offre collaboration / remplacement a Chatea-Gontier Bonjour je suis a la recherche d'un ou d'une osteopathe dans mon cabinet de Chateau-Gontier. Le cabinet est situe dans le centre ville. Je recois tout type de patients : enfants, nourrissons, adolescents, adultes, femmes enceintes, sportifs... Les jours seront sont le mardi, un mercredi par mois, ainsi que pendant mes vacances. Je travaille principalement en fonctionnel, mais il m'arrive d'utiliser des techniques en hvba. Une connaissance de l'approche du soin en pediatrie est souhaitee . Formation en 5 ans demandee. La retrocession est de 70/30 N'hesitez pas a me transmettre votre cv par mail : [email protected] et/ou a me contacter afin que nous puissions echanger et se rencontrer au 06.32.78.13.30. Au plaisir de vous lire Cordialement Paul-Marie Le Gall Osteopathe D.O. 8bis Av Carnot 53200 Chatea-Gontier Repondre",https://osteofrance.com/petite-annonce/16763
76,osteofrance.com,Proposition de poste -  Saint-Denis / Kingersheim / Vendenheim,SAINT DENIS,,Offre collaboration / remplacement a SAINT DENIS,,2025-10-03,,"Offre collaboration / remplacement a SAINT DENIS Annonce de Recrutement : Osteopathe Lieux : Casa Padel Saint-Denis (103 Rue Charles Michels, 93200 Saint-Denis) Casa Padel Kingersheim (10 Rue du Bigarreau, 68260 Kingersheim) Casa Padel Vendenheim (Boulevard des Enseignes 67550 Vendenheim) Description du poste : Nous recherchons des osteopathes dynamiques et passionnes pour rejoindre notre equipe GoGain au sein de plusieurs cabinets situes a l'interieur des centres sportif Casa Padel Saint-Denis, Kingersheim et Vendenheim. Ces centres modernes accueillent une clientele active, sportive et diversifiee, oIrant ainsi une opportunite unique d'allier soin et performance. Si vous etes un(e) professionnel(le) de sante motive(e) et souhaitez exercer dans un environnement stimulant, entoure(e) de sportifs et d'une equipe pluridisciplinaire, cette oIre est faite pour vous ! Vos missions : * Realiser des consultations d'osteopathie pour une clientele variee (sportifs amateurs ou confirmes, adultes de tous ages) * Diagnostiquer et traiter les troubles musculosquelettiques et articulaires lies a la pratique sportive, au quotidien, ou a des pathologies fonctionnelles. * Accompagner les sportifs dans leur preparation physique, leur recuperation et la gestion des blessures. * Proposer des soins personnalises, comprenant des ajustements posturaux, des techniques de relachement musculaire et des conseils sur l'hygiene de vie. * Collaborer avec le GoGain Master du centre, responsable de l'activite fitness et des cours dispenses par les coachs pour une prise en charge globale du patient. Profil recherche : * Diplome d'Etat en osteopathie ou equivalent reconnu. * Inscription a l'Agence Regionale de Sante (ARS) en cours. * Une experience dans le suivi des sportifs est un plus, mais les jeunes diplome(e)s sont egalement les bienvenu(e)s. * Autonomie, sens de l'ecoute, adaptabilite et professionnalisme. * Une specialisation (osteopathie sportive) est un plus, mais non obligatoire. Ce que nous o@rons : * Un environnement de travail agreable, moderne et adapte a une clientele sportive. * Un cabinet avec des installations de qualite, au sein d'un centre sportif premium qui est un veritable lieu de vies avec ses nombreux espaces : bar, restaurant, coworking, fitness et salle de renforcement musculaire. * L'opportunite de developper une large clientele fidele et de beneficier d'un flux de patients varies. * Une remuneration attractive sans charges locatives, ni frais de materiel. Candidature : Si vous etes interesse(e), merci d'envoyer votre CV ainsi qu'une lettre de motivation a l'adresse suivante : [email protected] Debut du contrat : Des que possible Rejoignez une equipe de professionnels passionnes, et contribuez au bien-etre et a la performance de nos sportifs ! 1, Allee Des Anciens Combattants 92600 SAINT DENIS Repondre",https://osteofrance.com/petite-annonce/16762
77,osteofrance.com,"Recherche osteopathe pour collaboration dans la Drome, a Valence (26)",26000 Valence,,Offre collaboration / remplacement a 26000 Valence,,2025-10-03,,Offre collaboration / remplacement a 26000 Valence  Cabinet pluridisciplinaire a Valence (Zone des Aureats) cherche osteopathe collaborateur/trice  Sylvain Brun Osteopathe D.O. Brun Sylvain 7 Allee Charles Baron 26000 26000 Valence Repondre,https://osteofrance.com/petite-annonce/16761
78,osteofrance.com,"Recherche osteopathe pour collaboration dans la Drome, a Valence (26)",26000 Valence,,Recherche collaboration / remplacement,,2025-10-03,,Recherche collaboration / remplacement a 26000 Valence  Cabinet pluridisciplinaire a Valence (Zone des Aureats) cherche osteopathe collaborateur/trice  Sylvain Brun Osteopathe D.O. Brun Sylvain 7 Allee Charles Baron 26000 26000 Valence Repondre,https://osteofrance.com/petite-annonce/16760
79,osteofrance.com,Remplacement conge maternite fin janvier 2026 / juillet 2026 . Vertou . SUD LOIRE  44,VERTOU,,Offre collaboration / remplacement a VERTOU,,2025-10-02,,"Offre collaboration / remplacement a VERTOU Bonjour a tous, Je recherche une osteopathe diplomee en 5 ans pour me remplacer pendant mon conge maternite  du  29 janvier  2026  a debut/ mi voir fin juillet 2026  ( a discuter ensemble). Lundi / mardi/ jeudi/ vendredi . Techniques douces. Bonne patientele. Retrocession 70/30 Le cabinet est tres agreable et situe dans un pole medical avec medecins, podologue, orthophoniste et psychologue . Vertou . Sud loire  44 Vous pouvez me joindre au : 06 33 81 89 89 Ou par mail a : [email protected] A bientot Mme Mantrand  Anais  . 19 Rue Du Bignonnet 44120 VERTOU Repondre",https://osteofrance.com/petite-annonce/16758
80,osteofrance.com,remplacement,fabrezan,,Offre collaboration / remplacement a fabrezan,,2025-10-01,,Offre collaboration / remplacement a fabrezan Bonjour je cherche un ou une remplacante pour mon deuxieme cabinet situe a Fabrezan . Remplacement pour toute l'annee voir plus . Cabinet situe dans un cabinet medical . Avec beaucoup de demande retrocession de 30/70 58 Avenue De Lagrasse 11200 fabrezan Repondre,https://osteofrance.com/petite-annonce/16755
81,osteofrance.com,cherche remplacant ( e ),cugnaux,,Recherche collaboration / remplacement,,2025-10-01,,"Recherche collaboration / remplacement a cugnaux Bonjour , je cherche un ou une remplacant(e) pour mon cabinet situe a Cugnaux ( Toulouse ) remplacement du 1 au 13 novembre . 30 Rue De La Vieille Eglise 31270 cugnaux Repondre",https://osteofrance.com/petite-annonce/16754
82,osteofrance.com,Proche SUISSE 90 et 25,SELONCOURT,,Offre collaboration / remplacement a SELONCOURT,,2025-09-30,,"Offre collaboration / remplacement a SELONCOURT Recherche collaborateur/ collaboratrice, 40 a 60 patients par semaine sur 4 ou 5 jours proche frontiere Suisse suite depart et conges maternite. Arrivee souhaitee d'ici a janvier. Prevoir 6 mois pour la montee en frequentation. Nous sommes une equipe d'osteopathes ayant plaisir a partager notre experience et encourager les jeunes diplomes. Entre les montagnes des Vosges et du Jura, le Doubs est propice lui aussi aux randonnees, au cyclisme ou au VTT, et au ski de fond. Nous sommes egalement aux portes de l'Alsace, de ses jolis petits villages et de ses bons vins. Nous restons a votre disposition pour de plus amples informations. N'hesitez pas a venir nous rencontrer et decouvrir notre abord du patient. Nous serons heureux de vous accueillir au cabinet. Merci de nous contacter par mail [email protected] www.cabinetchevassus.fr 138 Rue Du General Leclerc 25230 SELONCOURT Repondre",https://osteofrance.com/petite-annonce/16753
83,osteofrance.com,Cherche collaborateur - collaboratrice Finistere sud,Douarnenez,,Offre collaboration / remplacement a Douarnenez,,2025-09-30,,"Offre collaboration / remplacement a Douarnenez Bonjour, nous recherchons une ou un osteopathe pour completer notre equipe dans mon cabinet a Douarnenez. Cabinet recent dans pole sante, dynamique, bien situe a 2minutes du port. Plusieurs formats peuvent etre envisages ensemble. Retro 70/30 Envoyez CV et lettre de presentation par mail a l'adresse suivante : [email protected] 46 Rue Henri Barbusse 29100 Douarnenez Repondre",https://osteofrance.com/petite-annonce/16752
84,osteofrance.com,Remplacement Nantes,Nantes,,Offre collaboration / remplacement a Nantes,,2025-09-30,,"Offre collaboration / remplacement a Nantes Bonjour, Je recherche un, une, osteopathe afin de me remplacer sur les journees des mercredis au cabinet situe sur Nantes Nord. Si vous etes disponible sur cette journee et serieux(se), vous pouvez m'envoyer votre CV et votre lettre de motivation par mail a l'adresse suivante: [email protected] Je n'utilise pas de structurel au cabinet, mon approche est tissulaire, cependant je n'ai pas d'exigence sur la prise en charge tant qu'elle s'effectue en douceur. Au plaisir de vous rencontrer. Melanie 83 Rue Du Fresche Blanc 44300 Nantes Repondre",https://osteofrance.com/petite-annonce/16751
85,osteofrance.com,Remplacement Limas 69400,Limas,,Offre collaboration / remplacement a Limas,,2025-09-25,,"Offre collaboration / remplacement a Limas Remplacement osteopathie - Limas (69400) Je propose un remplacement du 27 Octobre au 6 decembre 2025 au sein de mon cabinet ouvert depuis 2022, situe a Limas, a seulement 2 minutes de Villefranche-sur-Saone et 30 minutes de Lyon. La patientele est fidele et variee : nourrissons, enfants, femmes enceintes, sportifs et adultes. Les consultations se deroulent du lundi au samedi, sur des creneaux d'une heure, avec un rythme de 25 a 35 patients par semaine. La gestion des rendez-vous est assuree par Doctolib, et telephone. Le local est compose de deux cabinets, avec mon frere, Maxence, egalement osteopathe, ce qui permet des echanges enrichissants autour des problematiques rencontrees en seance et favorise une atmosphere de travail stimulante et collaborative. * Tarif consultation : 60 EUR * Retrocession : 70/30 * Creneau d'une heure 999 Route D'anse 69400 Limas Repondre",https://osteofrance.com/petite-annonce/16746
86,osteofrance.com,remplacement conges annuels pouvant evoluer vers collaboration,AMBERIEUX D'AZERGUES,,Offre collaboration / remplacement a AMBERIEUX D'AZERGUES,,2025-09-24,,"Offre collaboration / remplacement a AMBERIEUX D'AZERGUES Cabinet pluridisciplinaire sur la commune d'Amberieux d'Azergues (69480). Recherche des maintenant un(e) remplacant(e) regulier(e) pour : 7 semaines/an (dates fixees a l'avance) commencant par les conges de la Toussaint (semaine 44), 1 samedi matin sur 2 durant l'annee et les jeudis et quelques demi journees dans l'annee en plus fixees en avance. Profil : motive(e), ponctuel(le), serieux(se), disponible sur la duree. Candidature (CV + lettre) par mail : [email protected] Au plaisir d'echanger. Audrey GRANGER NONDEDEO 45 Rue De L'eglise 69480 AMBERIEUX D'AZERGUES Repondre",https://osteofrance.com/petite-annonce/16745
87,osteofrance.com,Remplacement Toulouse du 2 au 4 octobre,TOULOUSE,,Offre collaboration / remplacement a TOULOUSE,,2025-09-23,,"Offre collaboration / remplacement a TOULOUSE Bonjour, Je cherche un/une remplacante du 2 au 4 octobre inclus. CV par mail seulement : [email protected] . Merci Cabinet dans le quartier Saint Agne. Horaire de 9h a 20h, moins le samedi. Retro 70/30. 89 Avenue Jules Julien 31400 TOULOUSE Repondre",https://osteofrance.com/petite-annonce/16743
88,osteofrance.com,remplacement,CHARMES SUR RHONE,,Offre collaboration / remplacement a CHARMES SUR RHONE,,2025-09-23,,"Offre collaboration / remplacement a CHARMES SUR RHONE Bonjour, Nous cherchons une ou un osteopathe forme(e) en 5 ans, a l'aise dans toutes les techniques osteopathiques. La duree du remplacement est de 1 mois (novembre). Cela permettrait de remplacer ma collaboratrice qui est presente au cabinet le mardi matin, mercredi fin d'apres midi et soiree, jeudi et samedi. cela represente en moyenne 80 patients au mois. Cordialement Place Des 2 Chenes 07800 CHARMES SUR RHONE Repondre",https://osteofrance.com/petite-annonce/16742
89,osteofrance.com,Rempla/Collab CHABLIS (Yonne - 89),CHABLIS,,Offre collaboration / remplacement a CHABLIS,,2025-09-23,,"Offre collaboration / remplacement a CHABLIS Offre rempla/collab a CHABLIS (Yonne - 89) a 2h de Paris. Nous sommes a la recherche d'un ou d'une osteopathe, forme(e) en 5 ans, a l'aise dans toutes les techniques osteopathiques. Nouveaux diplomes bienvenus. Nous proposons un rempla/collab pour venir nous epauler au cabinet les mercredis et samedis, ainsi qu'un soir a definir ensemble. En plus, le remplacement durant nos conges annuels pendants les vacances scolaires (environ 7 semaines par an prevu a l'avance). Nous sommes dans un cabinet pluridisciplinaire neuf ( 2 osteopathes, sophrologue, hypnotherapeute, reflexologue et dieteticienne), dans un cadre calme et verdoyant. Le lieu de travail est spacieux, lumineux et chaleureux, aussi bien pour les praticiens que les patients. Le village de Chablis est attractif et dynamique tout en etant a la campagne. Cette collaboration est l'opportunite pour un/une osteopathe de travailler en equipe dans un lieu et une ambiance sympathique. Retrocession 70/30. N'hesitez pas a nous envoyer votre CV a l'adresse mail : [email protected] Nous avons hate de vous rencontrer ! 10 Allee Des Lilas 89800 CHABLIS Repondre",https://osteofrance.com/petite-annonce/16741
90,osteofrance.com,Remplacement Cantal - Salers,Sainte-Eulalie,,Offre collaboration / remplacement a Sainte-Eulalie,,2025-09-22,,"Offre collaboration / remplacement a Sainte-Eulalie Bonjour, Je suis a la recherche d'un.e remplacant.e pour une semaine du 6 au 13 decembre ainsi que du 22 janvier au 14 fevrier Cabinet pluridisicpinaire avec dermato et kine, tres bonne entente, cabinet neuf, 120 patients/mois Nhesitez pas a envoyer vos lettres de motivation et CV a [email protected] Belle journee ! 3812 D680 15140 Sainte-Eulalie Repondre",https://osteofrance.com/petite-annonce/16740
91,osteofrance.com,Remplacements dans le Gard vacances scolaires Zone C,ORSAN,,Offre collaboration / remplacement a ORSAN,,2025-09-22,,Offre collaboration / remplacement a ORSAN 7a Place Des Ecoles Entree Derriere L'epicerie 30200 ORSAN Repondre,https://osteofrance.com/petite-annonce/16739
92,osteofrance.com,Remplacement 47,AIGUILLON,,Offre collaboration / remplacement a AIGUILLON,,2025-09-21,,"Offre collaboration / remplacement a AIGUILLON Je recherche un(e) osteopathe diplome(e) pour assurer mon remplacement pendant mes conges, du 3 Novembre au 25 Novembre 2025 et peut etre plus, suite a un futur arret de travail pendant 3 mois (Decembre/Janvier/Fevrier) - Cabinet situe a Aiguillon (47190) - Patientele variee, tout public. Profil recherche: serieux(se), motive(e), et a l'ecoute des patients. Conditions a discuter ensemble. Merci de me contacter par telephone ou par mail pour plus d'informations. 3 Impasse Georges Brassens 47190 AIGUILLON Repondre",https://osteofrance.com/petite-annonce/16738
93,osteofrance.com,recherche osteopathe pour collaboration aveyron,Decazeville,,Offre collaboration / remplacement a Decazeville,,2025-09-19,,Offre collaboration / remplacement a Decazeville Bonjour Je recherche un(e) osteopathe pour une collaboration a Decazeville en Aveyron a partir du 17 janvier 2026. Me contacter avec CV a [email protected] 86 Cayrade 12300 Decazeville Repondre,https://osteofrance.com/petite-annonce/16737
94,osteofrance.com,Recherche remplacant(e) - Lyon 6 & Mions (69),Lyon,,Offre collaboration / remplacement a Lyon,,2025-09-19,,"Offre collaboration / remplacement a Lyon Bonjour, je cherche un remplacant(e) du 10 au 21 novembre 2025 dans mes deux cabinets (Lyon 6 et Mions). Jours travailles : lundi, mardi, jeudi, vendredi + samedi matin Cabinets : patientele variee et sympa, repartie entre Lyon 6 et Mions Profil que je recherche : *   Utilisation de toutes les techniques osteo *   Le drainage est un plus *   Dynamique, sympa, avec un bon contact patient Si tu es dispo et interesse*e, envoie-moi ton CV et un petit mot ! Stella Auriault [email protected] 75bis Rue De Seze 69006 Lyon Repondre",https://osteofrance.com/petite-annonce/16736
95,osteofrance.com,Collaboration AIN 01- IZERNORE,IZERNORE,,Offre collaboration / remplacement a IZERNORE,,2025-09-16,,"Offre collaboration / remplacement a IZERNORE Bonjour, Je recherche un(e) osteopathe D.O pour rejoindre mon cabinet, dans l'Ain a IZERNORE, dans le cadre d'une collaboration a long terme. Je recherche une personne motivee pour s'investir sur du long terme, dynamique, avec un interet pour la prise en charge des sportifs. Cabinet entierement refait a neuf il y a un an, salle independante a disposition. Je recherche un(e) collaborateur(trice) avec qui une relation de confiance, fluide, et de la transparence. Patientele variee, tres agreable et fidele depuis de nombreuses annees, Je prefere les contacts par mail (plus simple pour moi a gerer dans un premier temps :) , avec  une petite presentation et CV pour faire connaissance Bonne journee, [email protected] Claire Saint-Dizier 626 Grande Rue 01580 IZERNORE Repondre",https://osteofrance.com/petite-annonce/16733
96,osteofrance.com,Collaboration Week-end La defense Courbevoie,Courbevoie,,Offre collaboration / remplacement a Courbevoie,,2025-09-12,,"Offre collaboration / remplacement a Courbevoie Cabinet d'osteopathie recherche remplacant ( 15 ans d'exercice, base de donnee 12000 fiches) Pour une duree de 6 mois (renouvelable), nous recherchons unosteopathe : Pratiquant les techniques structurelles Capable de prendre en charge des urgences Disponible le samedi et le dimanche Conditions : Chiffre d'affaires moyen genere par l'ancien remplacant : 2000 EUR/mois Retrocession : 35 % Poste a pourvoir rapidement. Merci d'envoyer CV et message what sap 0610397008 20 Ter Rue De Bezons 92400 Courbevoie Repondre",https://osteofrance.com/petite-annonce/16726
97,osteofrance.com,Recherche Assistant (e),MEYZIEU,,Offre collaboration / remplacement a MEYZIEU,,2025-09-12,,"Offre collaboration / remplacement a MEYZIEU Bonjour je recherche un(e) assistant(e) pour completer nos heures a ma collaboratrice et moi meme sur 2 cabinets Meyzieu et Charvieu. Les 2 cabinets sont a 12 min de distance. Il faut etre imperativement vehicule. Etre disponible les mercredis journees entieres et samedis matins + les mardis, jeudis et vendredis de 15h45 a 19h30 (jours a confirmer a partir du 22/09). Une formation femme enceinte et pediatrique est preferable. L'osteopathe devra pratiquer autant de cranien, visceral, osteoarticulaire, musculaire et fascial. Une approche globaliste et non symptomatique est souhaitee. Je recherche vraiment un(e) osteopathe motive(e), tres disponible et avec un peu d'experience ce sera le petit +. Merci de me contacter par mail pour toutes candidatures. Le poste est a pourvoir immediatement. 51 Rue Marcel Girardin 69330 MEYZIEU Repondre",https://osteofrance.com/petite-annonce/16725
98,osteofrance.com,Recherche collaborateur osteopathe,coussey,,Offre collaboration / remplacement a coussey,,2025-09-12,,Offre collaboration / remplacement a coussey Recherche un osteopathe DO pour une collaboration longue duree. Cabinet d'osteopathie situe a Coussey (Vosges) en activite depuis juillet 2022 (environ 30-35 patients/semaine). Quelques jours par semaine (a definir ensemble) Me contacter pour + de renseignements 23 Bis Rue D'alger 88630 coussey Repondre,https://osteofrance.com/petite-annonce/16724
99,osteofrance.com,Remplacement Vendee novembre 2025,Notre Dame de Riez,,Offre collaboration / remplacement a Notre Dame de Riez,,2025-09-12,,"Offre collaboration / remplacement a Notre Dame de Riez Bonjour, Nous recherchons avec ma collegue un ou une remplacant(e) pour mes conges du 10 au 28 novembre. Ce remplacement se fera sur deux cabinets : le cabinet de Saint-Gervais ou je suis en collaboration (2 jours : le mardi, jeudi matin et vendredi apres-midi) et le cabinet de Notre-Dame-de-Riez (2 a 3 demi journees au choix). Pour environ 20 a 30 patients par semaine. Le cabinet de Saint Gervais se situe au sein d'un cabinet dentaire. Le cabinet de Notre Dame est situe dans un cabinet pluridisciplinaire, avec infirmiere et coach sportive. Retrocession : 70/30. Merci de me contacter par mail dans un premier temps si vous etes interesses : [email protected] 520 route des Garateries Notre Dame de Riez Repondre",https://osteofrance.com/petite-annonce/16723
